iteration	hypothesis	change	verify	metric_summary	decision	notes
AR1	E1 DreamCoder hygiene: mechanic-centric guidance reduces level/solve-style skill naming while preserving open-ended skill schema.	Updated DreamCoder overlay text to prefer reusable interaction patterns/local mechanics and to revise abstractions after surprise; added unit coverage.	`pytest -q tests/unit` ; `python3 scripts/run_research_smoke.py --game ls20 --actions 6 --profiles research_extensions/config/dreamcoder_only.yaml` ; `ARC_RESEARCH_CONFIG_PATH=research_extensions/config/dreamcoder_only.yaml ARC_RESEARCH_SHARED_NAMESPACE=ar1_dc_hygiene_1 ARC_SMOKE_MAX_ACTIONS=20 python3 main.py --agent=arcgentica_research --game=ls20`	`73 passed`; DreamCoder smoke green; fresh namespace `ar1_dc_hygiene_1` produced 1 skill named `A1_advances_two_processes` with mechanic-centric description and no `level`/`solve` wording.	keep	Runtime was slow due TRAPI retries (~214s for 20 actions), but verification completed and artifact quality matched intent.
AR2	E1b Prompt/schema hygiene: reduce forced skill taxonomy and fixed-field drift while preserving open-ended skill proposal.	Removed fixed `propose_skill` field example from the host prompt and replaced it with an unconstrained JSON-object instruction; removed `local mechanic` wording from DreamCoder overlay; updated unit coverage.	`pytest -q tests/unit` ; `ARC_RESEARCH_CONFIG_PATH=research_extensions/config/dreamcoder_only.yaml ARC_RESEARCH_SHARED_NAMESPACE=ar2_prompt_hygiene_dc ARC_SMOKE_MAX_ACTIONS=20 python3 main.py --agent=arcgentica_research --game=ls20` ; `ARC_RESEARCH_CONFIG_PATH=research_extensions/config/all_on.yaml ARC_RESEARCH_SHARED_NAMESPACE=ar2_prompt_hygiene_all_on ARC_SMOKE_MAX_ACTIONS=20 python3 main.py --agent=arcgentica_research --game=ls20`	`75 passed`; `ar2_prompt_hygiene_dc` produced `Discrete-layout-cycler`; `ar2_prompt_hygiene_all_on` produced flexible agent-chosen payloads like `ACTION1_moves_special_block_up` and `Directional_controls_for_special_block`; no `level`/`solve` naming observed.	keep	The change improved prompt truthfulness and reduced schema pressure, but did not improve ls20 level progress.
AR3	P2a Minimal world sketching: explicit round-trip control sketches from observed transitions can become a lightweight planning aid.	Extended world-model persistence with `observed_edges` and synthesized `round_trip_control` sketches for exact observed reversals; surfaced validated sketches in the overlay; added unit coverage.	`pytest -q tests/unit` ; `ARC_RESEARCH_CONFIG_PATH=research_extensions/config/world_model_only.yaml ARC_RESEARCH_SHARED_NAMESPACE=ar3_world_sketch_wm ARC_SMOKE_MAX_ACTIONS=20 python3 main.py --agent=arcgentica_research --game=ls20` ; `ARC_RESEARCH_CONFIG_PATH=research_extensions/config/all_on.yaml ARC_RESEARCH_SHARED_NAMESPACE=ar3_world_sketch_all_on ARC_SMOKE_MAX_ACTIONS=20 python3 main.py --agent=arcgentica_research --game=ls20`	`76 passed`; implementation worked in unit tests, but ls20 produced `local_sketches=0` in both fresh namespaces and no planning-visible sketch was validated.	discard	Exact-signature round-trip detection was too strict for ls20 because actions altered ongoing global progress, so the intended sketch never materialized in live runs.
ARDBG2	debug timeout handling	Bounded run with profile=research_extensions/config/dreamcoder_only.yaml, namespace=ar8_debug_timeout, actions=4, timeout=30	`pytest -q tests/unit` ; `python3 scripts/run_bounded_experiment.py --game ls20 --profile research_extensions/config/dreamcoder_only.yaml --namespace ar8_debug_timeout --actions 4 --timeout-sec 30`	elapsed=29.9s; returncode=0; timed_out=False; modules=['dreamcoder']; verify_ok=True under pre-threshold gate; dc_grounded=0/0	discard	Debug-only launcher validation. This run predates the stricter DreamCoder requirement that a bounded DreamCoder run must emit at least one grounded skill.
AR5A	DreamCoder should emit at least one action-grounded reusable skill within 12 actions on ls20.	Bounded run with profile=research_extensions/config/dreamcoder_only.yaml, namespace=ar9_dc_grounded_fast, actions=12, timeout=900	`pytest -q tests/unit` ; `python3 scripts/run_bounded_experiment.py --game ls20 --profile research_extensions/config/dreamcoder_only.yaml --namespace ar9_dc_grounded_fast --actions 12 --timeout-sec 900`	elapsed=40.7s; returncode=0; timed_out=False; modules=['dreamcoder']; verify_ok=True; dc_grounded=2/2	keep	report=ar9_dc_grounded_fast.json
AR5B	World model should emit a code-like empirically scored draft within 12 actions on ls20.	Bounded run with profile=research_extensions/config/world_model_only.yaml, namespace=ar9_wm_codedraft_fast, actions=12, timeout=900	`pytest -q tests/unit` ; `python3 scripts/run_bounded_experiment.py --game ls20 --profile research_extensions/config/world_model_only.yaml --namespace ar9_wm_codedraft_fast --actions 12 --timeout-sec 900`	elapsed=74.9s; returncode=0; timed_out=False; modules=['world_model']; verify_ok=True; wm_drafts=1; wm_prior=0/0	keep	report=ar9_wm_codedraft_fast.json
AR5C	All-on should preserve the contract and simultaneously produce a grounded skill plus empirical world draft within 12 actions.	Bounded run with profile=research_extensions/config/all_on.yaml, namespace=ar9_all_on_fast, actions=12, timeout=900	`pytest -q tests/unit` ; `python3 scripts/run_bounded_experiment.py --game ls20 --profile research_extensions/config/all_on.yaml --namespace ar9_all_on_fast --actions 12 --timeout-sec 900`	elapsed=75.4s; returncode=0; timed_out=False; modules=['dreamcoder', 'world_model', 'meta_harness']; verify_ok=True; dc_grounded=2/2; wm_drafts=1; wm_prior=0/0; mh_runs=1	keep	report=ar9_all_on_fast.json
AR6A	DreamCoder should treat explicit supersedes/revises fields as real skill development rather than library growth.	Bounded run with profile=research_extensions/config/all_on.yaml, namespace=ar10_all_on_revision_fast, actions=12, timeout=900	`pytest -q tests/unit` ; `python3 scripts/run_bounded_experiment.py --game ls20 --profile research_extensions/config/all_on.yaml --namespace ar10_all_on_revision_fast --actions 12 --timeout-sec 900`	elapsed=85.6s; returncode=0; timed_out=False; modules=['dreamcoder', 'world_model', 'meta_harness']; verify_ok=True; dc_grounded=1/1; wm_drafts=1; wm_prior=0/0; mh_runs=1	keep	report=ar10_all_on_revision_fast.json
AR7A	First carryover run seeds a grounded DreamCoder library entry in a deliberate shared namespace.	Bounded run with profile=research_extensions/config/dreamcoder_only.yaml, namespace=ar11_dc_carryover, actions=12, timeout=900	`pytest -q tests/unit` ; `python3 scripts/run_bounded_experiment.py --game ls20 --profile research_extensions/config/dreamcoder_only.yaml --namespace ar11_dc_carryover --actions 12 --timeout-sec 900`	elapsed=100.9s; returncode=0; timed_out=False; modules=['dreamcoder']; verify_ok=True; dc_grounded=1/1	keep	report=ar11_dc_carryover.json
AR7B	Second carryover run should reuse or revise the existing shared DreamCoder library rather than starting from scratch.	Bounded run with profile=research_extensions/config/dreamcoder_only.yaml, namespace=ar11_dc_carryover, actions=12, timeout=900	`pytest -q tests/unit` ; `python3 scripts/run_bounded_experiment.py --game ls20 --profile research_extensions/config/dreamcoder_only.yaml --namespace ar11_dc_carryover --actions 12 --timeout-sec 900`	elapsed=82.0s; returncode=0; timed_out=False; modules=['dreamcoder']; verify_ok=True; dc_grounded=1/1	keep	report=ar11_dc_carryover.json
AR8A	Generalized observable state matching should make the world-model prior fire in bounded ls20.	Bounded run with profile=research_extensions/config/world_model_generalized.yaml, namespace=ar12_wm_prior_generalized, actions=12, timeout=900	`pytest -q tests/unit` ; `python3 scripts/run_bounded_experiment.py --game ls20 --profile research_extensions/config/world_model_generalized.yaml --namespace ar12_wm_prior_generalized --actions 12 --timeout-sec 900`	elapsed=58.4s; returncode=0; timed_out=False; modules=['world_model']; verify_ok=True; wm_drafts=1; wm_prior=11/11	keep	report=ar12_wm_prior_generalized.json
AR8B	All-on with generalized observable matching should preserve artifact quality and produce at least one world-model prior suggestion.	Bounded run with profile=research_extensions/config/all_on_generalized.yaml, namespace=ar12_all_on_prior_generalized, actions=12, timeout=900	`pytest -q tests/unit` ; `python3 scripts/run_bounded_experiment.py --game ls20 --profile research_extensions/config/all_on_generalized.yaml --namespace ar12_all_on_prior_generalized --actions 12 --timeout-sec 900`	elapsed=64.5s; returncode=0; timed_out=False; modules=['dreamcoder', 'world_model', 'meta_harness']; verify_ok=True; dc_grounded=1/1; dc_revised=1; wm_drafts=1; wm_prior=11/11; mh_runs=1	keep	report=ar12_all_on_prior_generalized.json
ARSURF2	Symbolica-like helper surface should run cleanly on a short all-on smoke test.	Bounded run with profile=research_extensions/config/all_on.yaml, namespace=ar12_symbolica_surface_smoke_all, actions=4, timeout=240	`pytest -q tests/unit` ; `python3 scripts/run_bounded_experiment.py --game ls20 --profile research_extensions/config/all_on.yaml --namespace ar12_symbolica_surface_smoke_all --actions 4 --timeout-sec 240`	elapsed=9.5s; returncode=0; timed_out=False; modules=['dreamcoder', 'world_model', 'meta_harness']; verify_ok=False; dc_grounded=0/0; dc_revised=0; wm_drafts=0; wm_prior=0/0; mh_runs=0	discard	report=ar12_symbolica_surface_smoke_all.json
ARSURF1	Symbolica-like helper surface should run cleanly on a short DreamCoder smoke test.	Bounded run with profile=research_extensions/config/dreamcoder_only.yaml, namespace=ar12_symbolica_surface_smoke_dc, actions=4, timeout=240	`pytest -q tests/unit` ; `python3 scripts/run_bounded_experiment.py --game ls20 --profile research_extensions/config/dreamcoder_only.yaml --namespace ar12_symbolica_surface_smoke_dc --actions 4 --timeout-sec 240`	elapsed=10.6s; returncode=0; timed_out=False; modules=['dreamcoder']; verify_ok=False; dc_grounded=0/0; dc_revised=0	discard	report=ar12_symbolica_surface_smoke_dc.json
ARSURF1B	Symbolica-like helper surface should run cleanly on a short DreamCoder smoke test.	Bounded run with profile=research_extensions/config/dreamcoder_only.yaml, namespace=ar12_symbolica_surface_smoke_dc_r2, actions=4, timeout=240	`pytest -q tests/unit` ; `python3 scripts/run_bounded_experiment.py --game ls20 --profile research_extensions/config/dreamcoder_only.yaml --namespace ar12_symbolica_surface_smoke_dc_r2 --actions 4 --timeout-sec 240`	elapsed=9.0s; returncode=0; timed_out=False; modules=['dreamcoder']; verify_ok=False; dc_grounded=0/0; dc_revised=0	discard	report=ar12_symbolica_surface_smoke_dc_r2.json
ARSURF2B	Symbolica-like helper surface should run cleanly on a short all-on smoke test.	Bounded run with profile=research_extensions/config/all_on.yaml, namespace=ar12_symbolica_surface_smoke_all_r2, actions=4, timeout=240	`pytest -q tests/unit` ; `python3 scripts/run_bounded_experiment.py --game ls20 --profile research_extensions/config/all_on.yaml --namespace ar12_symbolica_surface_smoke_all_r2 --actions 4 --timeout-sec 240`	elapsed=8.9s; returncode=0; timed_out=False; modules=['dreamcoder', 'world_model', 'meta_harness']; verify_ok=False; dc_grounded=0/0; dc_revised=0; wm_drafts=0; wm_prior=0/0; mh_runs=0	discard	report=ar12_symbolica_surface_smoke_all_r2.json
ARSURF2C	Symbolica-like helper surface should run cleanly on a short all-on smoke test.	Bounded run with profile=research_extensions/config/all_on.yaml, namespace=ar12_symbolica_surface_smoke_all_r3, actions=4, timeout=240	`pytest -q tests/unit` ; `python3 scripts/run_bounded_experiment.py --game ls20 --profile research_extensions/config/all_on.yaml --namespace ar12_symbolica_surface_smoke_all_r3 --actions 4 --timeout-sec 240`	elapsed=20.7s; returncode=0; timed_out=False; modules=['dreamcoder', 'world_model', 'meta_harness']; verify_ok=False; dc_grounded=0/0; dc_revised=0; wm_drafts=1; wm_prior=0/0; mh_runs=1	discard	report=ar12_symbolica_surface_smoke_all_r3.json
ARSURF1C	Symbolica-like helper surface should run cleanly on a short DreamCoder smoke test.	Bounded run with profile=research_extensions/config/dreamcoder_only.yaml, namespace=ar12_symbolica_surface_smoke_dc_r3, actions=4, timeout=240	`pytest -q tests/unit` ; `python3 scripts/run_bounded_experiment.py --game ls20 --profile research_extensions/config/dreamcoder_only.yaml --namespace ar12_symbolica_surface_smoke_dc_r3 --actions 4 --timeout-sec 240`	elapsed=21.3s; returncode=0; timed_out=False; modules=['dreamcoder']; verify_ok=False; dc_grounded=0/0; dc_revised=0	discard	report=ar12_symbolica_surface_smoke_dc_r3.json
sym-surface-dc-12	Symbolica-style helper surface plus persistent memories restores grounded skill formation.	Bounded run with profile=research_extensions/config/dreamcoder_only.yaml, namespace=sym_surface_dc_20260415a, actions=12, timeout=900	`pytest -q tests/unit` ; `python3 scripts/run_bounded_experiment.py --game ls20 --profile research_extensions/config/dreamcoder_only.yaml --namespace sym_surface_dc_20260415a --actions 12 --timeout-sec 900`	elapsed=54.3s; returncode=0; timed_out=False; modules=['dreamcoder']; verify_ok=False; dc_grounded=0/0; dc_revised=0	discard	report=sym_surface_dc_20260415a.json; thresholds=dc_grounded 0 < required 1
sym-surface-all-12	Symbolica-style helper surface plus persistent memories preserves DC/WM/MH artifacts together.	Bounded run with profile=research_extensions/config/all_on_generalized.yaml, namespace=sym_surface_all_20260415a, actions=12, timeout=900	`pytest -q tests/unit` ; `python3 scripts/run_bounded_experiment.py --game ls20 --profile research_extensions/config/all_on_generalized.yaml --namespace sym_surface_all_20260415a --actions 12 --timeout-sec 900`	elapsed=71.5s; returncode=0; timed_out=False; modules=['dreamcoder', 'world_model', 'meta_harness']; verify_ok=True; dc_grounded=1/1; dc_revised=0; wm_drafts=1; wm_prior=11/11; mh_runs=1	keep	report=sym_surface_all_20260415a.json
sym-surface-all-12-guarded	World-model prior should stop overriding into a repeated single-action loop under Symbolica-style helper surface.	Bounded run with profile=research_extensions/config/all_on_generalized.yaml, namespace=sym_surface_all_20260415b, actions=12, timeout=900	`pytest -q tests/unit` ; `python3 scripts/run_bounded_experiment.py --game ls20 --profile research_extensions/config/all_on_generalized.yaml --namespace sym_surface_all_20260415b --actions 12 --timeout-sec 900`	elapsed=64.8s; returncode=0; timed_out=False; modules=['dreamcoder', 'world_model', 'meta_harness']; verify_ok=True; dc_grounded=1/1; dc_revised=0; wm_drafts=1; wm_prior=7/11; mh_runs=1	keep	report=sym_surface_all_20260415b.json
AR_ORCH1	Arcgentica orchestrator can run locally via TRAPI fallback, consume >1 action, and emit DreamCoder artifacts on ls20.	Bounded run with agent=arcgentica, profile=research_extensions/config/dreamcoder_only.yaml, namespace=arcgentica_smoke_dc_20260415a, actions=8, timeout=900	`pytest -q tests/unit` ; `python3 scripts/run_bounded_experiment.py --agent arcgentica --game ls20 --profile research_extensions/config/dreamcoder_only.yaml --namespace arcgentica_smoke_dc_20260415a --actions 8 --timeout-sec 900`	elapsed=211.5s; returncode=0; timed_out=False; modules=['dreamcoder']; verify_ok=False; dc_grounded=1/1; dc_revised=0	discard	report=arcgentica_smoke_dc_20260415a.json
AR_ORCH3	Arcgentica local fallback should terminate promptly after bounded exploration instead of hanging on exhausted subagent budgets.	Bounded run with agent=arcgentica, profile=research_extensions/config/dreamcoder_only.yaml, namespace=arcgentica_smoke_dc_20260415c, actions=5, timeout=600	`pytest -q tests/unit` ; `python3 scripts/run_bounded_experiment.py --agent arcgentica --game ls20 --profile research_extensions/config/dreamcoder_only.yaml --namespace arcgentica_smoke_dc_20260415c --actions 5 --timeout-sec 600`	elapsed=188.1s; returncode=0; timed_out=False; modules=['dreamcoder']; verify_ok=True; dc_grounded=1/1; dc_revised=0	keep	report=arcgentica_smoke_dc_20260415c.json
AR_ORCH5	Official agentica-server path via local TRAPI proxy should run bounded arcgentica on ls20 and emit DreamCoder artifacts.	Bounded run with agent=arcgentica, profile=research_extensions/config/dreamcoder_only.yaml, namespace=arcgentica_smoke_official_20260415a, actions=5, timeout=600	`pytest -q tests/unit` ; `python3 scripts/run_bounded_experiment.py --agent arcgentica --game ls20 --profile research_extensions/config/dreamcoder_only.yaml --namespace arcgentica_smoke_official_20260415a --actions 5 --timeout-sec 600`	elapsed=7.8s; returncode=0; timed_out=False; modules=['dreamcoder']; verify_ok=False; dc_grounded=0/0; dc_revised=0	discard	report=arcgentica_smoke_official_20260415a.json
AR_ORCH6	Reproducing official agentica-server path failure with proxy request logging enabled.	Bounded run with agent=arcgentica, profile=research_extensions/config/dreamcoder_only.yaml, namespace=arcgentica_smoke_official_20260415b, actions=5, timeout=600	`pytest -q tests/unit` ; `python3 scripts/run_bounded_experiment.py --agent arcgentica --game ls20 --profile research_extensions/config/dreamcoder_only.yaml --namespace arcgentica_smoke_official_20260415b --actions 5 --timeout-sec 600`	elapsed=7.9s; returncode=0; timed_out=False; modules=['dreamcoder']; verify_ok=False; dc_grounded=0/0; dc_revised=0	discard	report=arcgentica_smoke_official_20260415b.json
QUICK2_DC	With local-only game discovery, skipped scorecard close, GPT preset, and compact prompts, the official DreamCoder path should take actions and exit cleanly.	Bounded run with agent=arcgentica, profile=research_extensions/config/dreamcoder_only.yaml, namespace=arcgentica_quick_verify_dc_20260415c, actions=6, timeout=360	`pytest -q tests/unit` ; `python3 scripts/run_bounded_experiment.py --agent arcgentica --game ls20 --profile research_extensions/config/dreamcoder_only.yaml --namespace arcgentica_quick_verify_dc_20260415c --actions 6 --timeout-sec 360`	elapsed=67.9s; returncode=0; timed_out=False; modules=['dreamcoder']; verify_ok=False; dc_grounded=0/0; dc_revised=0	discard	report=arcgentica_quick_verify_dc_20260415c.json
QUICK2_WM	With local-only game discovery, skipped scorecard close, GPT preset, and compact prompts, the official world-model path should take actions and exit cleanly.	Bounded run with agent=arcgentica, profile=research_extensions/config/world_model_generalized.yaml, namespace=arcgentica_quick_verify_wm_20260415c, actions=6, timeout=360	`pytest -q tests/unit` ; `python3 scripts/run_bounded_experiment.py --agent arcgentica --game ls20 --profile research_extensions/config/world_model_generalized.yaml --namespace arcgentica_quick_verify_wm_20260415c --actions 6 --timeout-sec 360`	elapsed=80.7s; returncode=0; timed_out=False; modules=['world_model']; verify_ok=False; wm_drafts=0; wm_prior=0/4	discard	report=arcgentica_quick_verify_wm_20260415c.json
QUICK2_ALL	With local-only game discovery, skipped scorecard close, GPT preset, and compact prompts, the official all-on path should take actions and exit cleanly.	Bounded run with agent=arcgentica, profile=research_extensions/config/all_on_generalized.yaml, namespace=arcgentica_quick_verify_all_20260415c, actions=6, timeout=360	`pytest -q tests/unit` ; `python3 scripts/run_bounded_experiment.py --agent arcgentica --game ls20 --profile research_extensions/config/all_on_generalized.yaml --namespace arcgentica_quick_verify_all_20260415c --actions 6 --timeout-sec 360`	elapsed=127.8s; returncode=0; timed_out=False; modules=['dreamcoder', 'world_model', 'meta_harness']; verify_ok=False; dc_grounded=0/0; dc_revised=0; wm_drafts=0; wm_prior=0/4; mh_runs=1	discard	report=arcgentica_quick_verify_all_20260415c.json
QUICK3_WM	Per-turn world_update pressure should yield at least one world draft in a short official run.	Bounded run with agent=arcgentica, profile=research_extensions/config/world_model_generalized.yaml, namespace=arcgentica_quick_verify_wm_20260415d, actions=8, timeout=420	`pytest -q tests/unit` ; `python3 scripts/run_bounded_experiment.py --agent arcgentica --game ls20 --profile research_extensions/config/world_model_generalized.yaml --namespace arcgentica_quick_verify_wm_20260415d --actions 8 --timeout-sec 420`	elapsed=88.1s; returncode=0; timed_out=False; modules=['world_model']; verify_ok=False; wm_drafts=0; wm_prior=0/6	discard	report=arcgentica_quick_verify_wm_20260415d.json; thresholds=wm_drafts 0 < required 1
QUICK3_DC	Earlier DreamCoder prompting and memory-aware skill revision should yield at least one action-grounded skill in a short official run.	Bounded run with agent=arcgentica, profile=research_extensions/config/dreamcoder_only.yaml, namespace=arcgentica_quick_verify_dc_20260415d, actions=8, timeout=420	`pytest -q tests/unit` ; `python3 scripts/run_bounded_experiment.py --agent arcgentica --game ls20 --profile research_extensions/config/dreamcoder_only.yaml --namespace arcgentica_quick_verify_dc_20260415d --actions 8 --timeout-sec 420`	elapsed=101.6s; returncode=0; timed_out=False; modules=['dreamcoder']; verify_ok=True; dc_grounded=1/1; dc_revised=1	keep	report=arcgentica_quick_verify_dc_20260415d.json
QUICK3_ALL	Earlier DreamCoder proposals plus mandatory world draft revision should produce both a grounded skill and a world draft in a short all-on official run.	Bounded run with agent=arcgentica, profile=research_extensions/config/all_on_generalized.yaml, namespace=arcgentica_quick_verify_all_20260415d, actions=8, timeout=420	`pytest -q tests/unit` ; `python3 scripts/run_bounded_experiment.py --agent arcgentica --game ls20 --profile research_extensions/config/all_on_generalized.yaml --namespace arcgentica_quick_verify_all_20260415d --actions 8 --timeout-sec 420`	elapsed=103.7s; returncode=0; timed_out=False; modules=['dreamcoder', 'world_model', 'meta_harness']; verify_ok=False; dc_grounded=0/0; dc_revised=0; wm_drafts=1; wm_prior=0/6; mh_runs=1	discard	report=arcgentica_quick_verify_all_20260415d.json; thresholds=dc_grounded 0 < required 1
QUICK4_DC	DreamCoder-only official run should continue producing at least one grounded skill under the tightened memory-aware cadence.	Bounded run with agent=arcgentica, profile=research_extensions/config/dreamcoder_only.yaml, namespace=arcgentica_quick_verify_dc_20260415e, actions=10, timeout=480	`pytest -q tests/unit` ; `python3 scripts/run_bounded_experiment.py --agent arcgentica --game ls20 --profile research_extensions/config/dreamcoder_only.yaml --namespace arcgentica_quick_verify_dc_20260415e --actions 10 --timeout-sec 480`	elapsed=74.9s; returncode=0; timed_out=False; modules=['dreamcoder']; verify_ok=True; dc_grounded=2/2; dc_revised=0	keep	report=arcgentica_quick_verify_dc_20260415e.json
QUICK4_WM	Explicit multi-hook guidance should make the official world-model run emit at least one world draft.	Bounded run with agent=arcgentica, profile=research_extensions/config/world_model_generalized.yaml, namespace=arcgentica_quick_verify_wm_20260415e, actions=10, timeout=480	`pytest -q tests/unit` ; `python3 scripts/run_bounded_experiment.py --agent arcgentica --game ls20 --profile research_extensions/config/world_model_generalized.yaml --namespace arcgentica_quick_verify_wm_20260415e --actions 10 --timeout-sec 480`	elapsed=141.3s; returncode=0; timed_out=False; modules=['world_model']; verify_ok=False; wm_drafts=1; wm_prior=0/8	discard	report=arcgentica_quick_verify_wm_20260415e.json
QUICK4_ALL	Explicit multi-hook guidance should make the all-on official run emit both a grounded skill and a world draft.	Bounded run with agent=arcgentica, profile=research_extensions/config/all_on_generalized.yaml, namespace=arcgentica_quick_verify_all_20260415e, actions=10, timeout=480	`pytest -q tests/unit` ; `python3 scripts/run_bounded_experiment.py --agent arcgentica --game ls20 --profile research_extensions/config/all_on_generalized.yaml --namespace arcgentica_quick_verify_all_20260415e --actions 10 --timeout-sec 480`	elapsed=276.2s; returncode=0; timed_out=False; modules=['dreamcoder', 'world_model', 'meta_harness']; verify_ok=True; dc_grounded=3/3; dc_revised=1; wm_drafts=1; wm_prior=0/9; mh_runs=1	keep	report=arcgentica_quick_verify_all_20260415e.json
QUICK_ALL_ROUTE	All-on should now couple skill routing with world-model intervention, increasing grounded skills and at least one prior override in the same bounded run.	Bounded run with agent=arcgentica, profile=research_extensions/config/all_on_generalized.yaml, namespace=arcgentica_quick_verify_all_20260415f, actions=12, timeout=420	`pytest -q tests/unit` ; `python3 scripts/run_bounded_experiment.py --agent arcgentica --game ls20 --profile research_extensions/config/all_on_generalized.yaml --namespace arcgentica_quick_verify_all_20260415f --actions 12 --timeout-sec 420`	elapsed=100.0s; returncode=0; timed_out=False; modules=['dreamcoder', 'world_model', 'meta_harness']; verify_ok=False; dc_grounded=1/1; dc_revised=0; wm_drafts=1; wm_prior=0/3; mh_runs=1	discard	report=arcgentica_quick_verify_all_20260415f.json; thresholds=wm_prior_overrides 0 < required 1
QUICK_DC_ROUTE	DreamCoder skill routing should reduce reset-heavy wandering and let fresh action-grounded skills steer the next move.	Bounded run with agent=arcgentica, profile=research_extensions/config/dreamcoder_only.yaml, namespace=arcgentica_quick_verify_dc_20260415f, actions=12, timeout=420	`pytest -q tests/unit` ; `python3 scripts/run_bounded_experiment.py --agent arcgentica --game ls20 --profile research_extensions/config/dreamcoder_only.yaml --namespace arcgentica_quick_verify_dc_20260415f --actions 12 --timeout-sec 420`	elapsed=125.0s; returncode=0; timed_out=False; modules=['dreamcoder']; verify_ok=True; dc_grounded=1/1; dc_revised=0	keep	report=arcgentica_quick_verify_dc_20260415f.json
QUICK_WM_ROUTE	World-model novelty override should intercept uninformative resets and produce at least one prior override in a short run.	Bounded run with agent=arcgentica, profile=research_extensions/config/world_model_generalized.yaml, namespace=arcgentica_quick_verify_wm_20260415f, actions=12, timeout=420	`pytest -q tests/unit` ; `python3 scripts/run_bounded_experiment.py --agent arcgentica --game ls20 --profile research_extensions/config/world_model_generalized.yaml --namespace arcgentica_quick_verify_wm_20260415f --actions 12 --timeout-sec 420`	elapsed=222.0s; returncode=0; timed_out=False; modules=['world_model']; verify_ok=True; wm_drafts=1; wm_prior=6/11	keep	report=arcgentica_quick_verify_wm_20260415f.json
PAR_A	parallel workdir isolation smoke A	Bounded run with agent=arcgentica, profile=research_extensions/config/dreamcoder_only.yaml, namespace=arcgentica_parallel_smoke_a_20260415g, actions=4, timeout=240	`pytest -q tests/unit` ; `python3 scripts/run_bounded_experiment.py --agent arcgentica --game ls20 --profile research_extensions/config/dreamcoder_only.yaml --namespace arcgentica_parallel_smoke_a_20260415g --actions 4 --timeout-sec 240`	elapsed=44.9s; returncode=0; timed_out=False; modules=['dreamcoder']; verify_ok=False; dc_grounded=1/1; dc_revised=0	discard	report=arcgentica_parallel_smoke_a_20260415g.json
SUMMARY_SMOKE	summary path finder should work after nested workdir refactor	Bounded run with agent=arcgentica, profile=research_extensions/config/dreamcoder_only.yaml, namespace=arcgentica_summary_smoke_20260415h, actions=3, timeout=180	`pytest -q tests/unit` ; `python3 scripts/run_bounded_experiment.py --agent arcgentica --game ls20 --profile research_extensions/config/dreamcoder_only.yaml --namespace arcgentica_summary_smoke_20260415h --actions 3 --timeout-sec 180`	elapsed=29.0s; returncode=0; timed_out=False; modules=['dreamcoder']; verify_ok=True; dc_grounded=1/1; dc_revised=0	keep	report=arcgentica_summary_smoke_20260415h.json
PAR_B	parallel workdir isolation smoke B	Bounded run with agent=arcgentica, profile=research_extensions/config/world_model_generalized.yaml, namespace=arcgentica_parallel_smoke_b_20260415g, actions=4, timeout=240	`pytest -q tests/unit` ; `python3 scripts/run_bounded_experiment.py --agent arcgentica --game ls20 --profile research_extensions/config/world_model_generalized.yaml --namespace arcgentica_parallel_smoke_b_20260415g --actions 4 --timeout-sec 240`	elapsed=160.2s; returncode=0; timed_out=False; modules=['world_model']; verify_ok=False; wm_drafts=0; wm_prior=0/3	discard	report=arcgentica_parallel_smoke_b_20260415g.json
QUICK_ALL_ROUTE_R2	After routing + workdir fixes, all-on should preserve parallel-safe logs and couple grounded skills with stronger action steering.	Bounded run with agent=arcgentica, profile=research_extensions/config/all_on_generalized.yaml, namespace=arcgentica_quick_verify_all_20260415g, actions=12, timeout=420	`pytest -q tests/unit` ; `python3 scripts/run_bounded_experiment.py --agent arcgentica --game ls20 --profile research_extensions/config/all_on_generalized.yaml --namespace arcgentica_quick_verify_all_20260415g --actions 12 --timeout-sec 420`	elapsed=121.0s; returncode=0; timed_out=False; modules=['dreamcoder', 'world_model', 'meta_harness']; verify_ok=True; dc_grounded=1/1; dc_revised=0; wm_drafts=1; wm_prior=5/11; mh_runs=1	keep	report=arcgentica_quick_verify_all_20260415g.json
SKREAD_DC1	DreamCoder should grow a larger library and expose reusable skills for model-side choice, while only intercepting premature reset/continuation.	Bounded run with agent=arcgentica, profile=research_extensions/config/dreamcoder_only.yaml, namespace=arcgentica_skillread_dc_20260415i, actions=14, timeout=540	`pytest -q tests/unit` ; `python3 scripts/run_bounded_experiment.py --agent arcgentica --game ls20 --profile research_extensions/config/dreamcoder_only.yaml --namespace arcgentica_skillread_dc_20260415i --actions 14 --timeout-sec 540`	elapsed=90.2s; returncode=0; timed_out=False; modules=['dreamcoder']; verify_ok=False; dc_grounded=0/0; dc_revised=0	discard	report=arcgentica_skillread_dc_20260415i.json; thresholds=dc_grounded 0 < required 1
SKREAD_ALL1	All-on with skill-reading helpers should keep growing the library while world-model handles low-level steering and reset avoidance.	Bounded run with agent=arcgentica, profile=research_extensions/config/all_on_generalized.yaml, namespace=arcgentica_skillread_all_20260415i, actions=14, timeout=540	`pytest -q tests/unit` ; `python3 scripts/run_bounded_experiment.py --agent arcgentica --game ls20 --profile research_extensions/config/all_on_generalized.yaml --namespace arcgentica_skillread_all_20260415i --actions 14 --timeout-sec 540`	elapsed=118.1s; returncode=0; timed_out=False; modules=['dreamcoder', 'world_model', 'meta_harness']; verify_ok=False; dc_grounded=0/0; dc_revised=0; wm_drafts=0; wm_prior=0/0; mh_runs=1	discard	report=arcgentica_skillread_all_20260415i.json; thresholds=dc_grounded 0 < required 1 | wm_drafts 0 < required 1 | wm_prior_suggestions 0 < required 1
SKREAD_ALL2	After the zero-action guard, all-on should actually act, grow the skill library, and keep world-model steering active.	Bounded run with agent=arcgentica, profile=research_extensions/config/all_on_generalized.yaml, namespace=arcgentica_skillread_all_20260415j, actions=14, timeout=540	`pytest -q tests/unit` ; `python3 scripts/run_bounded_experiment.py --agent arcgentica --game ls20 --profile research_extensions/config/all_on_generalized.yaml --namespace arcgentica_skillread_all_20260415j --actions 14 --timeout-sec 540`	elapsed=74.9s; returncode=0; timed_out=False; modules=['dreamcoder', 'world_model', 'meta_harness']; verify_ok=False; dc_grounded=0/1; dc_revised=0; wm_drafts=0; wm_prior=0/13; mh_runs=1	discard	report=arcgentica_skillread_all_20260415j.json; thresholds=dc_grounded 0 < required 1 | wm_drafts 0 < required 1
SKREAD_DC2	After adding skill-read helpers and zero-action guard, DreamCoder should resume proposing grounded skills while keeping reset interception minimal.	Bounded run with agent=arcgentica, profile=research_extensions/config/dreamcoder_only.yaml, namespace=arcgentica_skillread_dc_20260415j, actions=14, timeout=540	`pytest -q tests/unit` ; `python3 scripts/run_bounded_experiment.py --agent arcgentica --game ls20 --profile research_extensions/config/dreamcoder_only.yaml --namespace arcgentica_skillread_dc_20260415j --actions 14 --timeout-sec 540`	elapsed=74.8s; returncode=0; timed_out=False; modules=['dreamcoder']; verify_ok=True; dc_grounded=1/1; dc_revised=0	keep	report=arcgentica_skillread_dc_20260415j.json
SKREAD_ALL3	Ungrounded skill rejection plus auto-seeded world drafts should restore all-on artifact quality without letting abstract skills pollute the library.	Bounded run with agent=arcgentica, profile=research_extensions/config/all_on_generalized.yaml, namespace=arcgentica_skillread_all_20260415k, actions=14, timeout=540	`pytest -q tests/unit` ; `python3 scripts/run_bounded_experiment.py --agent arcgentica --game ls20 --profile research_extensions/config/all_on_generalized.yaml --namespace arcgentica_skillread_all_20260415k --actions 14 --timeout-sec 540`	elapsed=112.7s; returncode=0; timed_out=False; modules=['dreamcoder', 'world_model', 'meta_harness']; verify_ok=False; dc_grounded=0/0; dc_revised=0; wm_drafts=1; wm_prior=0/3; mh_runs=1	discard	report=arcgentica_skillread_all_20260415k.json
GROWTH_DC_SEED	DC-only should grow a reusable skill library under the stricter grounded-skill gate before combined reuse.	Bounded run with agent=arcgentica, profile=research_extensions/config/dreamcoder_only.yaml, namespace=arcgentica_growth_track_20260416a, actions=20, timeout=900	`pytest -q tests/unit` ; `python3 scripts/run_bounded_experiment.py --agent arcgentica --game ls20 --profile research_extensions/config/dreamcoder_only.yaml --namespace arcgentica_growth_track_20260416a --actions 20 --timeout-sec 900`	elapsed=79.5s; returncode=0; timed_out=False; modules=['dreamcoder']; verify_ok=False; dc_grounded=0/0; dc_revised=0	discard	report=arcgentica_growth_track_20260416a.json; thresholds=dc_grounded 0 < required 1
SKREAD_ALL4	Recent-action spine attachment should let all-on keep a grounded skill while world-model auto-seeds a code-like draft.	Bounded run with agent=arcgentica, profile=research_extensions/config/all_on_generalized.yaml, namespace=arcgentica_skillread_all_20260415l, actions=14, timeout=540	`pytest -q tests/unit` ; `python3 scripts/run_bounded_experiment.py --agent arcgentica --game ls20 --profile research_extensions/config/all_on_generalized.yaml --namespace arcgentica_skillread_all_20260415l --actions 14 --timeout-sec 540`	elapsed=153.4s; returncode=0; timed_out=False; modules=['dreamcoder', 'world_model', 'meta_harness']; verify_ok=False; dc_grounded=0/0; dc_revised=0; wm_drafts=1; wm_prior=7/12; mh_runs=1	discard	report=arcgentica_skillread_all_20260415l.json; thresholds=dc_grounded 0 < required 1
ARX_DC1	DreamCoder should keep agent-authored natural-language skills when they include embedded action references, restoring grounded library growth.	Bounded run with agent=arcgentica, profile=research_extensions/config/dreamcoder_only.yaml, namespace=arcgentica_growth_track_20260416b, actions=20, timeout=600	`pytest -q tests/unit` ; `python3 scripts/run_bounded_experiment.py --agent arcgentica --game ls20 --profile research_extensions/config/dreamcoder_only.yaml --namespace arcgentica_growth_track_20260416b --actions 20 --timeout-sec 600`	elapsed=70.5s; returncode=0; timed_out=False; modules=['dreamcoder']; verify_ok=True; dc_grounded=1/1; dc_revised=0	keep	report=arcgentica_growth_track_20260416b.json
ARX_DC2L	After grounding/routing fixes, a carry-over DreamCoder run should keep the library reusable and ideally add or refine at least one more skill under longer exploration.	Bounded run with agent=arcgentica, profile=research_extensions/config/dreamcoder_only.yaml, namespace=arcgentica_growth_track_20260416b, actions=40, timeout=1800	`pytest -q tests/unit` ; `python3 scripts/run_bounded_experiment.py --agent arcgentica --game ls20 --profile research_extensions/config/dreamcoder_only.yaml --namespace arcgentica_growth_track_20260416b --actions 40 --timeout-sec 1800`	elapsed=96.2s; returncode=0; timed_out=False; modules=['dreamcoder']; verify_ok=True; dc_grounded=1/1; dc_revised=0	keep	report=arcgentica_growth_track_20260416b.json
ARX_ALL2	All-on runs should at least produce a verifiable report on timeout; if they still fail, the remaining blocker is orchestration termination rather than reporting.	Bounded run with agent=arcgentica, profile=research_extensions/config/all_on_generalized.yaml, namespace=arcgentica_skillread_all_20260416c, actions=16, timeout=300	`pytest -q tests/unit` ; `python3 scripts/run_bounded_experiment.py --agent arcgentica --game ls20 --profile research_extensions/config/all_on_generalized.yaml --namespace arcgentica_skillread_all_20260416c --actions 16 --timeout-sec 300`	elapsed=220.0s; returncode=0; timed_out=False; modules=['dreamcoder', 'world_model', 'meta_harness']; verify_ok=True; dc_grounded=1/1; dc_revised=1; wm_drafts=1; wm_prior=1/12; mh_runs=1	keep	report=arcgentica_skillread_all_20260416c.json
ARX_ALL3	If research modules read official Frame.grid correctly, all-on should stop seeing the world as empty and produce non-zero grid diffs with more state-specific skill/world artifacts.	Bounded run with agent=arcgentica, profile=research_extensions/config/all_on_generalized.yaml, namespace=arcgentica_skillread_all_20260416d, actions=16, timeout=300	`pytest -q tests/unit` ; `python3 scripts/run_bounded_experiment.py --agent arcgentica --game ls20 --profile research_extensions/config/all_on_generalized.yaml --namespace arcgentica_skillread_all_20260416d --actions 16 --timeout-sec 300`	elapsed=162.7s; returncode=0; timed_out=False; modules=['dreamcoder', 'world_model', 'meta_harness']; verify_ok=False; dc_grounded=1/1; dc_revised=1; wm_drafts=1; wm_prior=11/15; mh_runs=1	discard	report=arcgentica_skillread_all_20260416d.json
ARX_ALL4	With official Frame.grid wired through and prose world updates auto-scaffolded into code-like drafts, all-on should satisfy both DreamCoder and world-model verifier gates on ls20.	Bounded run with agent=arcgentica, profile=research_extensions/config/all_on_generalized.yaml, namespace=arcgentica_skillread_all_20260416e, actions=16, timeout=300	`pytest -q tests/unit` ; `python3 scripts/run_bounded_experiment.py --agent arcgentica --game ls20 --profile research_extensions/config/all_on_generalized.yaml --namespace arcgentica_skillread_all_20260416e --actions 16 --timeout-sec 300`	elapsed=5.4s; returncode=0; timed_out=False; modules=['dreamcoder', 'world_model', 'meta_harness']; verify_ok=False; dc_grounded=0/0; dc_revised=0; wm_drafts=0; wm_prior=0/0; mh_runs=0	discard	report=arcgentica_skillread_all_20260416e.json; thresholds=dc_grounded 0 < required 1 | wm_drafts 0 < required 1 | wm_prior_suggestions 0 < required 1
ARX_ALL4	With official Frame.grid wired through and prose world updates auto-scaffolded into code-like drafts, all-on should satisfy both DreamCoder and world-model verifier gates on ls20.	Bounded run with agent=arcgentica, profile=research_extensions/config/all_on_generalized.yaml, namespace=arcgentica_skillread_all_20260416e, actions=16, timeout=300	`pytest -q tests/unit` ; `python3 scripts/run_bounded_experiment.py --agent arcgentica --game ls20 --profile research_extensions/config/all_on_generalized.yaml --namespace arcgentica_skillread_all_20260416e --actions 16 --timeout-sec 300`	elapsed=120.8s; returncode=0; timed_out=False; modules=['dreamcoder', 'world_model', 'meta_harness']; verify_ok=False; dc_grounded=2/2; dc_revised=0; wm_drafts=1; wm_prior=2/2; mh_runs=1	discard	report=arcgentica_skillread_all_20260416e.json
ARX_ALL5	If a structured prediction is observed before the first explicit world_update, the resulting draft should inherit that empirical score, allowing all-on to satisfy both world-model scoring and code-like draft checks.	Bounded run with agent=arcgentica, profile=research_extensions/config/all_on_generalized.yaml, namespace=arcgentica_skillread_all_20260416f, actions=16, timeout=300	`pytest -q tests/unit` ; `python3 scripts/run_bounded_experiment.py --agent arcgentica --game ls20 --profile research_extensions/config/all_on_generalized.yaml --namespace arcgentica_skillread_all_20260416f --actions 16 --timeout-sec 300`	elapsed=123.7s; returncode=0; timed_out=False; modules=['dreamcoder', 'world_model', 'meta_harness']; verify_ok=True; dc_grounded=1/1; dc_revised=0; wm_drafts=1; wm_prior=4/5; mh_runs=1	keep	report=arcgentica_skillread_all_20260416f.json
ARX_ALL6L	After verifier-aligned fixes, a carry-over all-on run on the same namespace should preserve grounded skill/world artifacts and test whether the shared library begins to influence longer-horizon exploration on ls20.	Bounded run with agent=arcgentica, profile=research_extensions/config/all_on_generalized.yaml, namespace=arcgentica_skillread_all_20260416f, actions=40, timeout=1800	`pytest -q tests/unit` ; `python3 scripts/run_bounded_experiment.py --agent arcgentica --game ls20 --profile research_extensions/config/all_on_generalized.yaml --namespace arcgentica_skillread_all_20260416f --actions 40 --timeout-sec 1800`	elapsed=114.6s; returncode=0; timed_out=False; modules=['dreamcoder', 'world_model', 'meta_harness']; verify_ok=True; dc_grounded=1/1; dc_revised=1; wm_drafts=1; wm_prior=26/33; mh_runs=2	keep	report=arcgentica_skillread_all_20260416f.json
ARX_ALL7	If revision collapse is reduced, all-on should retain multiple grounded skills instead of merging distinct action-grounded tactics into one generic sweep.	Bounded run with agent=arcgentica, profile=research_extensions/config/all_on_generalized.yaml, namespace=arcgentica_skillread_all_20260416g, actions=16, timeout=300	`pytest -q tests/unit` ; `python3 scripts/run_bounded_experiment.py --agent arcgentica --game ls20 --profile research_extensions/config/all_on_generalized.yaml --namespace arcgentica_skillread_all_20260416g --actions 16 --timeout-sec 300`	elapsed=115.4s; returncode=0; timed_out=False; modules=['dreamcoder', 'world_model', 'meta_harness']; verify_ok=True; dc_grounded=1/1; dc_revised=0; wm_drafts=1; wm_prior=10/14; mh_runs=1	keep	report=arcgentica_skillread_all_20260416g.json
ARX_ALL8	Stronger DreamCoder prompting for multiple small observable tactics should increase retained skill count above one while preserving groundedness and world-model verification.	Bounded run with agent=arcgentica, profile=research_extensions/config/all_on_generalized.yaml, namespace=arcgentica_skillread_all_20260416h, actions=20, timeout=360	`pytest -q tests/unit` ; `python3 scripts/run_bounded_experiment.py --agent arcgentica --game ls20 --profile research_extensions/config/all_on_generalized.yaml --namespace arcgentica_skillread_all_20260416h --actions 20 --timeout-sec 360`	elapsed=114.9s; returncode=0; timed_out=False; modules=['dreamcoder', 'world_model', 'meta_harness']; verify_ok=True; dc_grounded=1/1; dc_revised=0; wm_drafts=1; wm_prior=8/11; mh_runs=1	keep	report=arcgentica_skillread_all_20260416h.json
ARX_ALL9	Early-stop retry should reduce premature lose emissions, encouraging the all-on orchestrator to spend more of the available budget before terminating.	Bounded run with agent=arcgentica, profile=research_extensions/config/all_on_generalized.yaml, namespace=arcgentica_skillread_all_20260416i, actions=20, timeout=360	`pytest -q tests/unit` ; `python3 scripts/run_bounded_experiment.py --agent arcgentica --game ls20 --profile research_extensions/config/all_on_generalized.yaml --namespace arcgentica_skillread_all_20260416i --actions 20 --timeout-sec 360`	elapsed=360.2s; returncode=124; timed_out=True; modules=['dreamcoder', 'world_model', 'meta_harness']; verify_ok=False; dc_grounded=0/0; dc_revised=0; wm_drafts=0; wm_prior=0/0; mh_runs=0	discard	report=arcgentica_skillread_all_20260416i.json; thresholds=dc_grounded 0 < required 1 | wm_drafts 0 < required 1 | wm_prior_suggestions 0 < required 1
ARX_ALL10B	Graceful timeout handling should preserve summary/artifacts even when longer all-on runs exceed wall-clock budget, so early-stop retry can be evaluated instead of crashing the research loop.	Bounded run with agent=arcgentica, profile=research_extensions/config/all_on_generalized.yaml, namespace=arcgentica_skillread_all_20260416k, actions=20, timeout=360	`pytest -q tests/unit` ; `python3 scripts/run_bounded_experiment.py --agent arcgentica --game ls20 --profile research_extensions/config/all_on_generalized.yaml --namespace arcgentica_skillread_all_20260416k --actions 20 --timeout-sec 360`	elapsed=282.9s; returncode=0; timed_out=False; modules=['dreamcoder', 'world_model', 'meta_harness']; verify_ok=True; dc_grounded=1/1; dc_revised=1; wm_drafts=1; wm_prior=16/19; mh_runs=1	keep	report=arcgentica_skillread_all_20260416k.json
ARX_ALL11L	With early-stop retry and stable all-on verifier behavior, a carry-over run on the same namespace should test whether retained skill/world artifacts change later exploration behavior rather than resetting to a fresh generic sweep.	Bounded run with agent=arcgentica, profile=research_extensions/config/all_on_generalized.yaml, namespace=arcgentica_skillread_all_20260416k, actions=40, timeout=900	`pytest -q tests/unit` ; `python3 scripts/run_bounded_experiment.py --agent arcgentica --game ls20 --profile research_extensions/config/all_on_generalized.yaml --namespace arcgentica_skillread_all_20260416k --actions 40 --timeout-sec 900`	elapsed=134.9s; returncode=0; timed_out=False; modules=['dreamcoder', 'world_model', 'meta_harness']; verify_ok=True; dc_grounded=2/2; dc_revised=1; wm_drafts=1; wm_prior=29/37; mh_runs=2	keep	report=arcgentica_skillread_all_20260416k.json
ARX_ALL12	Stronger anti-premature-stop prompting plus more finish retries should reduce probe_complete early exits and push all-on closer to full budget use on ls20 carry-over exploration.	Bounded run with agent=arcgentica, profile=research_extensions/config/all_on_generalized.yaml, namespace=arcgentica_skillread_all_20260416l, actions=24, timeout=420	`pytest -q tests/unit` ; `python3 scripts/run_bounded_experiment.py --agent arcgentica --game ls20 --profile research_extensions/config/all_on_generalized.yaml --namespace arcgentica_skillread_all_20260416l --actions 24 --timeout-sec 420`	elapsed=289.9s; returncode=0; timed_out=False; modules=['dreamcoder', 'world_model', 'meta_harness']; verify_ok=True; dc_grounded=2/2; dc_revised=0; wm_drafts=1; wm_prior=18/23; mh_runs=1	keep	report=arcgentica_skillread_all_20260416l.json
ARX_ALL12B	Restricting early-stop retries to clearly nonterminal reasons should preserve normal finishes while still preventing probe_complete-style premature stops, pushing carry-over all-on runs closer to budget use.	Bounded run with agent=arcgentica, profile=research_extensions/config/all_on_generalized.yaml, namespace=arcgentica_skillread_all_20260416m, actions=24, timeout=420	`pytest -q tests/unit` ; `python3 scripts/run_bounded_experiment.py --agent arcgentica --game ls20 --profile research_extensions/config/all_on_generalized.yaml --namespace arcgentica_skillread_all_20260416m --actions 24 --timeout-sec 420`	elapsed=76.8s; returncode=0; timed_out=False; modules=['dreamcoder', 'world_model', 'meta_harness']; verify_ok=False; dc_grounded=0/0; dc_revised=0; wm_drafts=1; wm_prior=18/22; mh_runs=1	discard	report=arcgentica_skillread_all_20260416m.json; thresholds=dc_grounded 0 < required 1
ARX_ALL13	Explicitly forbidding empty-skill FinishStatus under research mode should eliminate runs with zero proposed skills when action-grounded patterns were observed.	Bounded run with agent=arcgentica, profile=research_extensions/config/all_on_generalized.yaml, namespace=arcgentica_skillread_all_20260416n, actions=24, timeout=360	`pytest -q tests/unit` ; `python3 scripts/run_bounded_experiment.py --agent arcgentica --game ls20 --profile research_extensions/config/all_on_generalized.yaml --namespace arcgentica_skillread_all_20260416n --actions 24 --timeout-sec 360`	elapsed=177.0s; returncode=0; timed_out=False; modules=['dreamcoder', 'world_model', 'meta_harness']; verify_ok=True; dc_grounded=1/1; dc_revised=0; wm_drafts=1; wm_prior=11/13; mh_runs=1	keep	report=arcgentica_skillread_all_20260416n.json
ARX_ALL14L	Continue from the strongest carry-over namespace with two retained grounded skills and a well-scored world model to test whether longer reuse changes ls20 exploration beyond generic sweeps.	Bounded run with agent=arcgentica, profile=research_extensions/config/all_on_generalized.yaml, namespace=arcgentica_skillread_all_20260416k, actions=60, timeout=1200	`pytest -q tests/unit` ; `python3 scripts/run_bounded_experiment.py --agent arcgentica --game ls20 --profile research_extensions/config/all_on_generalized.yaml --namespace arcgentica_skillread_all_20260416k --actions 60 --timeout-sec 1200`	elapsed=202.1s; returncode=0; timed_out=False; modules=['dreamcoder', 'world_model', 'meta_harness']; verify_ok=True; dc_grounded=4/4; dc_revised=3; wm_drafts=1; wm_prior=37/48; mh_runs=3	keep	report=arcgentica_skillread_all_20260416k.json
ARX_ALL15	Treating unable-to-confirm style lose reasons as retryable should reduce premature stopouts in the strongest carry-over namespace and make later skill/world state more likely to influence the remaining budget.	Bounded run with agent=arcgentica, profile=research_extensions/config/all_on_generalized.yaml, namespace=arcgentica_skillread_all_20260416k, actions=24, timeout=420	`pytest -q tests/unit` ; `python3 scripts/run_bounded_experiment.py --agent arcgentica --game ls20 --profile research_extensions/config/all_on_generalized.yaml --namespace arcgentica_skillread_all_20260416k --actions 24 --timeout-sec 420`	elapsed=55.5s; returncode=0; timed_out=False; modules=['dreamcoder', 'world_model', 'meta_harness']; verify_ok=True; dc_grounded=4/4; dc_revised=3; wm_drafts=1; wm_prior=41/54; mh_runs=4	keep	report=arcgentica_skillread_all_20260416k.json
ARX	Bounded verification run.	Bounded run with agent=arcgentica, profile=research_extensions/config/all_on_generalized.yaml, namespace=arcgentica_skillread_all_20260416k, actions=60, timeout=1500	`pytest -q tests/unit` ; `python3 scripts/run_bounded_experiment.py --agent arcgentica --game ls20 --profile research_extensions/config/all_on_generalized.yaml --namespace arcgentica_skillread_all_20260416k --actions 60 --timeout-sec 1500`	elapsed=157.7s; returncode=0; timed_out=False; modules=['dreamcoder', 'world_model', 'meta_harness']; verify_ok=True; dc_grounded=6/6; dc_revised=4; wm_drafts=1; wm_prior=64/80; mh_runs=5	keep	report=arcgentica_skillread_all_20260416k.json
ARX	Bounded verification run.	Bounded run with agent=arcgentica, profile=research_extensions/config/all_on_generalized.yaml, namespace=arcgentica_skillread_all_20260416k, actions=40, timeout=1200	`pytest -q tests/unit` ; `python3 scripts/run_bounded_experiment.py --agent arcgentica --game ls20 --profile research_extensions/config/all_on_generalized.yaml --namespace arcgentica_skillread_all_20260416k --actions 40 --timeout-sec 1200`	elapsed=117.6s; returncode=0; timed_out=False; modules=['dreamcoder', 'world_model', 'meta_harness']; verify_ok=True; dc_grounded=6/6; dc_revised=4; wm_drafts=1; wm_prior=96/119; mh_runs=6	keep	report=arcgentica_skillread_all_20260416k.json
ARX	Bounded verification run.	Bounded run with agent=arcgentica, profile=research_extensions/config/all_on_generalized.yaml, namespace=arcgentica_skillread_all_20260416k, actions=24, timeout=900	`pytest -q tests/unit` ; `python3 scripts/run_bounded_experiment.py --agent arcgentica --game ls20 --profile research_extensions/config/all_on_generalized.yaml --namespace arcgentica_skillread_all_20260416k --actions 24 --timeout-sec 900`	elapsed=228.2s; returncode=0; timed_out=False; modules=['dreamcoder', 'world_model', 'meta_harness']; verify_ok=True; dc_grounded=6/6; dc_revised=5; wm_drafts=1; wm_prior=114/143; mh_runs=7	keep	report=arcgentica_skillread_all_20260416k.json
ARX	Bounded verification run.	Bounded run with agent=arcgentica, profile=research_extensions/config/all_on_generalized.yaml, namespace=arcgentica_skillread_all_20260416k, actions=24, timeout=900	`pytest -q tests/unit` ; `python3 scripts/run_bounded_experiment.py --agent arcgentica --game ls20 --profile research_extensions/config/all_on_generalized.yaml --namespace arcgentica_skillread_all_20260416k --actions 24 --timeout-sec 900`	elapsed=196.9s; returncode=0; timed_out=False; modules=['dreamcoder', 'world_model', 'meta_harness']; verify_ok=True; dc_grounded=9/9; dc_revised=5; wm_drafts=1; wm_prior=136/167; mh_runs=8	keep	report=arcgentica_skillread_all_20260416k.json
ARX_STRUCT2	Carry-over run should preserve validated exact spine reuse, expose at least one structured DreamCoder skill in the retained library, and keep simulator-scored world-model drafts under the real ls20 interface.	Bounded run with agent=arcgentica, profile=research_extensions/config/all_on_generalized.yaml, namespace=arcgentica_skillread_all_20260416k, actions=24, timeout=900	`pytest -q tests/unit` ; `python3 scripts/run_bounded_experiment.py --agent arcgentica --game ls20 --profile research_extensions/config/all_on_generalized.yaml --namespace arcgentica_skillread_all_20260416k --actions 24 --timeout-sec 900`	elapsed=544.8s; returncode=0; timed_out=False; modules=['dreamcoder', 'world_model', 'meta_harness']; verify_ok=True; dc_grounded=10/10; dc_structured=1; dc_revised=5; wm_drafts=1; wm_prior=139/171; mh_runs=9	keep	report=arcgentica_skillread_all_20260416k.json
ARX_STRUCT3	Carry-over run should either reach a first non-reset action quickly under reduced TRAPI retry settings or fail fast as startup-stalled instead of burning the full experiment budget.	Bounded run with agent=arcgentica, profile=research_extensions/config/all_on_generalized.yaml, namespace=arcgentica_skillread_all_20260416k, actions=24, timeout=600	`pytest -q tests/unit` ; `python3 scripts/run_bounded_experiment.py --agent arcgentica --game ls20 --profile research_extensions/config/all_on_generalized.yaml --namespace arcgentica_skillread_all_20260416k --actions 24 --timeout-sec 600`	elapsed=70.0s; returncode=0; timed_out=False; startup_stalled=False; modules=['dreamcoder', 'world_model', 'meta_harness']; verify_ok=True; dc_grounded=10/10; dc_structured=1; dc_revised=5; wm_drafts=1; wm_prior=139/171; mh_runs=9	keep	report=arcgentica_skillread_all_20260416k.json
ARX_STRUCT4	Bounded carry-over verification should explicitly discard stale-summary or zero-action rate-limited runs instead of misclassifying them as successful reuse runs.	Bounded run with agent=arcgentica, profile=research_extensions/config/all_on_generalized.yaml, namespace=arcgentica_skillread_all_20260416k, actions=24, timeout=600	`pytest -q tests/unit` ; `python3 scripts/run_bounded_experiment.py --agent arcgentica --game ls20 --profile research_extensions/config/all_on_generalized.yaml --namespace arcgentica_skillread_all_20260416k --actions 24 --timeout-sec 600`	elapsed=181.1s; returncode=0; timed_out=False; startup_stalled=True; summary_stale=True; zero_action_run=False; rate_limited=False; modules=['dreamcoder', 'world_model', 'meta_harness']; verify_ok=True; dc_grounded=10/10; dc_structured=1; dc_revised=5; wm_drafts=1; wm_prior=139/171; mh_runs=9	discard	report=arcgentica_skillread_all_20260416k.json
ARX_STRUCT5	With DreamCoder applied after world-model overrides, a carry-over run that reaches prefix ACTION3,ACTION3,ACTION4 should continue with the exact-spine continuation instead of being overridden by local world priors.	Bounded run with agent=arcgentica, profile=research_extensions/config/all_on_generalized.yaml, namespace=arcgentica_skillread_all_20260416k, actions=24, timeout=600	`pytest -q tests/unit` ; `python3 scripts/run_bounded_experiment.py --agent arcgentica --game ls20 --profile research_extensions/config/all_on_generalized.yaml --namespace arcgentica_skillread_all_20260416k --actions 24 --timeout-sec 600`	elapsed=181.0s; returncode=0; timed_out=False; startup_stalled=True; summary_stale=True; zero_action_run=False; rate_limited=False; modules=['dreamcoder', 'world_model', 'meta_harness']; verify_ok=True; dc_grounded=10/10; dc_structured=1; dc_revised=5; wm_drafts=1; wm_prior=139/171; mh_runs=9	discard	report=arcgentica_skillread_all_20260416k.json
ARX_STRUCT6	Reducing startup orchestrator scope and task size should lower time-to-first-action or at least reduce startup stall frequency in carry-over all-on runs.	Bounded run with agent=arcgentica, profile=research_extensions/config/all_on_generalized.yaml, namespace=arcgentica_skillread_all_20260416k, actions=24, timeout=600	`pytest -q tests/unit` ; `python3 scripts/run_bounded_experiment.py --agent arcgentica --game ls20 --profile research_extensions/config/all_on_generalized.yaml --namespace arcgentica_skillread_all_20260416k --actions 24 --timeout-sec 600`	elapsed=181.1s; returncode=0; timed_out=False; startup_stalled=True; summary_stale=True; zero_action_run=False; rate_limited=False; modules=['dreamcoder', 'world_model', 'meta_harness']; verify_ok=True; dc_grounded=10/10; dc_structured=1; dc_revised=5; wm_drafts=1; wm_prior=139/171; mh_runs=9	discard	report=arcgentica_skillread_all_20260416k.json
ARX_DIRECT1	A direct-startup solver should reduce first-action latency by bypassing the heavy orchestrator on turn 1 while still using carry-over skills and research hooks.	Bounded run with agent=arcgentica, profile=research_extensions/config/all_on_generalized.yaml, namespace=arcgentica_skillread_all_20260416k, actions=24, timeout=600	`pytest -q tests/unit` ; `python3 scripts/run_bounded_experiment.py --agent arcgentica --game ls20 --profile research_extensions/config/all_on_generalized.yaml --namespace arcgentica_skillread_all_20260416k --actions 24 --timeout-sec 600`	elapsed=70.0s; returncode=0; timed_out=False; startup_stalled=False; summary_stale=True; zero_action_run=True; rate_limited=True; modules=['dreamcoder', 'world_model', 'meta_harness']; verify_ok=True; dc_grounded=10/10; dc_structured=1; dc_revised=5; wm_drafts=1; wm_prior=139/171; mh_runs=9	discard	report=arcgentica_skillread_all_20260416k.json
ARX_DIRECT2	Single serialized direct-startup run to reduce TRAPI contention and measure whether first-action latency improves when no parallel experiments are active.	Bounded run with agent=arcgentica, profile=research_extensions/config/all_on_generalized.yaml, namespace=arcgentica_skillread_all_20260416k, actions=24, timeout=600	`pytest -q tests/unit` ; `python3 scripts/run_bounded_experiment.py --agent arcgentica --game ls20 --profile research_extensions/config/all_on_generalized.yaml --namespace arcgentica_skillread_all_20260416k --actions 24 --timeout-sec 600`	elapsed=100.0s; returncode=0; timed_out=False; startup_stalled=False; summary_stale=False; zero_action_run=False; rate_limited=False; modules=['dreamcoder', 'world_model', 'meta_harness']; verify_ok=True; dc_grounded=10/10; dc_structured=1; dc_revised=5; wm_drafts=1; wm_prior=146/181; mh_runs=10	keep	report=arcgentica_skillread_all_20260416k.json
ARX_DCWM_COUPLED1	DreamCoder should use world-model priors and recent surprise cues to shape skill naming/routing while preserving exact opening spine reuse in a serialized direct-startup run.	Bounded run with agent=arcgentica, profile=research_extensions/config/all_on_generalized.yaml, namespace=arcgentica_skillread_all_20260416k, actions=24, timeout=600	`pytest -q tests/unit` ; `python3 scripts/run_bounded_experiment.py --agent arcgentica --game ls20 --profile research_extensions/config/all_on_generalized.yaml --namespace arcgentica_skillread_all_20260416k --actions 24 --timeout-sec 600`	elapsed=65.0s; returncode=0; timed_out=False; startup_stalled=False; summary_stale=False; zero_action_run=False; rate_limited=False; modules=['dreamcoder', 'world_model', 'meta_harness']; verify_ok=True; dc_grounded=10/10; dc_structured=1; dc_revised=5; wm_drafts=1; wm_prior=152/187; mh_runs=11	keep	report=arcgentica_skillread_all_20260416k.json
ARX_DCWM_COUPLED2	Retry guard should treat generic post-startup early-stop phrasing as nonterminal so DreamCoder+world-model carry-over gets more than the startup slice.	Bounded run with agent=arcgentica, profile=research_extensions/config/all_on_generalized.yaml, namespace=arcgentica_skillread_all_20260416k, actions=24, timeout=600	`pytest -q tests/unit` ; `python3 scripts/run_bounded_experiment.py --agent arcgentica --game ls20 --profile research_extensions/config/all_on_generalized.yaml --namespace arcgentica_skillread_all_20260416k --actions 24 --timeout-sec 600`	elapsed=140.0s; returncode=0; timed_out=False; startup_stalled=False; summary_stale=False; zero_action_run=False; rate_limited=False; modules=['dreamcoder', 'world_model', 'meta_harness']; verify_ok=True; dc_grounded=10/10; dc_structured=1; dc_revised=5; wm_drafts=1; wm_prior=159/198; mh_runs=12	keep	report=arcgentica_skillread_all_20260416k.json
ARX_DCWM_COUPLED3	After exact-spine dedup in routing, DreamCoder should not immediately restart the same completed opening spine, allowing the carry-over run to spend post-startup actions on a new branch.	Bounded run with agent=arcgentica, profile=research_extensions/config/all_on_generalized.yaml, namespace=arcgentica_skillread_all_20260416k, actions=24, timeout=600	`pytest -q tests/unit` ; `python3 scripts/run_bounded_experiment.py --agent arcgentica --game ls20 --profile research_extensions/config/all_on_generalized.yaml --namespace arcgentica_skillread_all_20260416k --actions 24 --timeout-sec 600`	elapsed=105.0s; returncode=0; timed_out=False; startup_stalled=False; summary_stale=False; zero_action_run=False; rate_limited=False; modules=['dreamcoder', 'world_model', 'meta_harness']; verify_ok=True; dc_grounded=10/10; dc_structured=1; dc_revised=5; wm_drafts=1; wm_prior=168/207; mh_runs=13	keep	report=arcgentica_skillread_all_20260416k.json
ARX_DCWM_COUPLED4	Retry guard should treat the new orchestration/schema-correction early-stop phrasing as nonterminal so the post-startup run can spend more of the remaining budget.	Bounded run with agent=arcgentica, profile=research_extensions/config/all_on_generalized.yaml, namespace=arcgentica_skillread_all_20260416k, actions=24, timeout=600	`pytest -q tests/unit` ; `python3 scripts/run_bounded_experiment.py --agent arcgentica --game ls20 --profile research_extensions/config/all_on_generalized.yaml --namespace arcgentica_skillread_all_20260416k --actions 24 --timeout-sec 600`	elapsed=145.0s; returncode=0; timed_out=False; startup_stalled=False; summary_stale=False; zero_action_run=False; rate_limited=False; modules=['dreamcoder', 'world_model', 'meta_harness']; verify_ok=True; dc_grounded=10/10; dc_structured=1; dc_revised=5; wm_drafts=1; wm_prior=178/217; mh_runs=14	keep	report=arcgentica_skillread_all_20260416k.json
ARX	Bounded verification run.	Bounded run with agent=arcgentica, profile=research_extensions/config/all_on_generalized.yaml, namespace=arcgentica_skillread_all_20260416k, actions=24, timeout=600	`pytest -q tests/unit` ; `python3 scripts/run_bounded_experiment.py --agent arcgentica --game ls20 --profile research_extensions/config/all_on_generalized.yaml --namespace arcgentica_skillread_all_20260416k --actions 24 --timeout-sec 600`	elapsed=75.0s; returncode=0; timed_out=False; startup_stalled=False; summary_stale=False; zero_action_run=False; rate_limited=False; modules=['dreamcoder', 'world_model', 'meta_harness']; verify_ok=True; dc_grounded=10/10; dc_structured=1; dc_revised=5; wm_drafts=1; wm_prior=183/222; mh_runs=15	keep	report=arcgentica_skillread_all_20260416k.json
ARX	Bounded verification run.	Bounded run with agent=arcgentica, profile=research_extensions/config/all_on_generalized.yaml, namespace=arcgentica_skillread_all_20260416k, actions=24, timeout=600	`pytest -q tests/unit` ; `python3 scripts/run_bounded_experiment.py --agent arcgentica --game ls20 --profile research_extensions/config/all_on_generalized.yaml --namespace arcgentica_skillread_all_20260416k --actions 24 --timeout-sec 600`	elapsed=165.0s; returncode=0; timed_out=False; startup_stalled=False; summary_stale=False; zero_action_run=False; rate_limited=False; modules=['dreamcoder', 'world_model', 'meta_harness']; verify_ok=True; dc_grounded=13/13; dc_structured=3; dc_revised=5; wm_drafts=1; wm_prior=185/224; mh_runs=16	keep	report=arcgentica_skillread_all_20260416k.json
ARX	Bounded verification run.	Bounded run with agent=arcgentica, profile=research_extensions/config/all_on_generalized.yaml, namespace=arcgentica_skillread_all_20260416k, actions=24, timeout=600	`pytest -q tests/unit` ; `python3 scripts/run_bounded_experiment.py --agent arcgentica --game ls20 --profile research_extensions/config/all_on_generalized.yaml --namespace arcgentica_skillread_all_20260416k --actions 24 --timeout-sec 600`	elapsed=55.0s; returncode=0; timed_out=False; startup_stalled=False; summary_stale=False; zero_action_run=False; rate_limited=False; modules=['dreamcoder', 'world_model', 'meta_harness']; verify_ok=True; dc_grounded=13/13; dc_structured=3; dc_revised=5; wm_drafts=1; wm_prior=189/229; mh_runs=17	keep	report=arcgentica_skillread_all_20260416k.json
ARX	Bounded verification run.	Bounded run with agent=arcgentica, profile=research_extensions/config/all_on_generalized.yaml, namespace=arcgentica_skillread_all_20260416k, actions=24, timeout=600	`pytest -q tests/unit` ; `python3 scripts/run_bounded_experiment.py --agent arcgentica --game ls20 --profile research_extensions/config/all_on_generalized.yaml --namespace arcgentica_skillread_all_20260416k --actions 24 --timeout-sec 600`	elapsed=50.0s; returncode=0; timed_out=False; startup_stalled=False; summary_stale=False; zero_action_run=False; rate_limited=False; modules=['dreamcoder', 'world_model', 'meta_harness']; verify_ok=True; dc_grounded=14/14; dc_structured=4; dc_revised=5; wm_drafts=1; wm_prior=193/233; mh_runs=18	keep	report=arcgentica_skillread_all_20260416k.json
ARX	Bounded verification run.	Bounded run with agent=arcgentica, profile=research_extensions/config/all_on_generalized.yaml, namespace=arcgentica_skillread_all_20260416k, actions=24, timeout=600	`pytest -q tests/unit` ; `python3 scripts/run_bounded_experiment.py --agent arcgentica --game ls20 --profile research_extensions/config/all_on_generalized.yaml --namespace arcgentica_skillread_all_20260416k --actions 24 --timeout-sec 600`	elapsed=90.0s; returncode=0; timed_out=False; startup_stalled=False; summary_stale=False; zero_action_run=False; rate_limited=False; modules=['dreamcoder', 'world_model', 'meta_harness']; verify_ok=True; dc_grounded=15/15; dc_structured=5; dc_revised=5; wm_drafts=1; wm_prior=195/235; mh_runs=19	keep	report=arcgentica_skillread_all_20260416k.json
ARX_ENVDONE1	Startup self-reported wins should be ignored unless the actual environment frame is terminal.	Added environment-backed win acceptance in `agents/templates/agentica/agent.py` and a regression test for false startup win claims.	`pytest -q tests/unit/test_agentica_orchestrator_research.py tests/unit/test_arcgentica_research.py`	67 passed; false startup win no longer short-circuits the orchestrator path.	keep	Prevents fake success reports and stale carry-over conclusions.
ARX_STOPSTRUCT1	Probe reports that already contain `current_hypothesis` and `next_step` should be treated as nonterminal and retried with explicit continuation pressure.	Added probe-report detection/extraction in `agents/templates/agentica/agent.py`, retried with a continuation-specific task, and added a regression test that requires executing the proposed continuation branch.	`pytest -q tests/unit/test_agentica_orchestrator_research.py tests/unit/test_arcgentica_research.py`	67 passed; harness now distinguishes nonterminal probe summaries from true terminal loss, but live ls20 verification is still pending.	keep	Main remaining bottleneck is now directly instrumented and falsifiable in the next bounded run.
ARX_DASH1	The visualizer should explain stop reason, next-step proposal, action chronology, top skills, and world-model evidence on one page.	Added `scripts/build_research_dashboard.py` and generated `presentation/research_dashboard_latest.html` from the latest carry-over namespace artifacts.	`python3 scripts/build_research_dashboard.py`	Dashboard generated successfully; latest stop reason and extracted `next_step` are now inspectable without opening raw JSON logs.	keep	Improves diagnosis quality without changing agent behavior.
ARX_STOPSTRUCT2	After executing the extracted `next_step`, the orchestrator should treat invalid intermediate progress-report termination as nonterminal exactly once more, without regressing other retry tests.	Added a narrowly-scoped invalid-progress retry path plus regression coverage; kept the general retry budget unchanged for older cases.	`pytest -q tests/unit/test_agentica_orchestrator_research.py tests/unit/test_arcgentica_research.py`	68 passed; invalid-progress retry is now isolated to the intended path instead of changing global retry behavior.	keep	This prepares the next live run to continue past the current 3-action ceiling if the explorer again returns a probe report instead of a final terminal status.
ARX_STOPSTRUCT3	Response-schema-enforcement stop reasons should also be treated as nonterminal progress stops so the run can continue after a longer branch.	Expanded invalid-progress markers to include schema-enforcement phrasing, reinforced the orchestrator prompt to re-call subagents when they return probe-style summaries, and added regression coverage.	`pytest -q tests/unit/test_agentica_orchestrator_research.py tests/unit/test_arcgentica_research.py`	69 passed; latest live run reached 8 non-reset actions (`ACTION3,ACTION3,ACTION4,ACTION1,ACTION1,ACTION2,ACTION3,ACTION3`) before stopping on schema-enforcement phrasing.	keep	The current bottleneck is no longer shallow stopping at 2-3 actions; the next live check is whether this nonterminal handling pushes the run beyond 8 actions or reaches level 1.
ARX_SEARCH1	Once shallow-stop failures are removed, the next falsifiable question is whether ls20 still stalls for search reasons or only because the bounded budget is too short.	Ran the same carry-over all-on experiment after stop-policy and prompt fixes, without changing the module stack.	`python3 scripts/run_bounded_experiment.py --agent arcgentica --game ls20 --profile research_extensions/config/all_on_generalized.yaml --namespace arcgentica_skillread_all_20260416k --actions 24 --timeout-sec 600`	Reached 23 non-reset actions, best_level stayed 0, and the run ended on `Global non-reset action budget exhausted before confirming a level completion.`; DreamCoder grew to 17 grounded skills with 8 structured entries.	keep	The framework is now search-limited rather than stop-limited. The next clean test is a longer single run with the same config to check whether level 1 appears once the budget ceiling is relaxed.
ARX	Bounded verification run.	Bounded run with agent=arcgentica, profile=research_extensions/config/all_on_generalized.yaml, namespace=arcgentica_skillread_all_20260416k, actions=24, timeout=600	`pytest -q tests/unit` ; `python3 scripts/run_bounded_experiment.py --agent arcgentica --game ls20 --profile research_extensions/config/all_on_generalized.yaml --namespace arcgentica_skillread_all_20260416k --actions 24 --timeout-sec 600`	elapsed=85.0s; returncode=0; timed_out=False; startup_stalled=False; summary_stale=False; zero_action_run=False; rate_limited=False; modules=['dreamcoder', 'world_model', 'meta_harness']; verify_ok=True; dc_grounded=15/15; dc_structured=5; dc_revised=5; wm_drafts=1; wm_prior=197/238; mh_runs=20	keep	report=arcgentica_skillread_all_20260416k.json
ARX	Bounded verification run.	Bounded run with agent=arcgentica, profile=research_extensions/config/all_on_generalized.yaml, namespace=arcgentica_skillread_all_20260416k, actions=24, timeout=600	`pytest -q tests/unit` ; `python3 scripts/run_bounded_experiment.py --agent arcgentica --game ls20 --profile research_extensions/config/all_on_generalized.yaml --namespace arcgentica_skillread_all_20260416k --actions 24 --timeout-sec 600`	elapsed=85.0s; returncode=0; timed_out=False; startup_stalled=False; summary_stale=False; zero_action_run=False; rate_limited=False; modules=['dreamcoder', 'world_model', 'meta_harness']; verify_ok=True; dc_grounded=15/15; dc_structured=5; dc_revised=5; wm_drafts=1; wm_prior=205/246; mh_runs=20	keep	report=arcgentica_skillread_all_20260416k.json
ARX	Bounded verification run.	Bounded run with agent=arcgentica, profile=research_extensions/config/all_on_generalized.yaml, namespace=arcgentica_skillread_all_20260416k, actions=24, timeout=600	`pytest -q tests/unit` ; `python3 scripts/run_bounded_experiment.py --agent arcgentica --game ls20 --profile research_extensions/config/all_on_generalized.yaml --namespace arcgentica_skillread_all_20260416k --actions 24 --timeout-sec 600`	elapsed=240.0s; returncode=0; timed_out=False; startup_stalled=False; summary_stale=False; zero_action_run=False; rate_limited=False; modules=['dreamcoder', 'world_model', 'meta_harness']; verify_ok=True; dc_grounded=17/17; dc_structured=8; dc_revised=6; wm_drafts=1; wm_prior=224/269; mh_runs=20	keep	report=arcgentica_skillread_all_20260416k.json
ARX	Bounded verification run.	Bounded run with agent=arcgentica, profile=research_extensions/config/all_on_generalized.yaml, namespace=arcgentica_skillread_all_20260416k, actions=24, timeout=600	`pytest -q tests/unit` ; `python3 scripts/run_bounded_experiment.py --agent arcgentica --game ls20 --profile research_extensions/config/all_on_generalized.yaml --namespace arcgentica_skillread_all_20260416k --actions 24 --timeout-sec 600`	elapsed=120.0s; returncode=0; timed_out=False; startup_stalled=False; summary_stale=False; zero_action_run=False; rate_limited=False; modules=['dreamcoder', 'world_model', 'meta_harness']; verify_ok=True; dc_grounded=18/18; dc_structured=9; dc_revised=6; wm_drafts=1; wm_prior=233/279; mh_runs=20	keep	report=arcgentica_skillread_all_20260416k.json
ARX	Bounded verification run.	Bounded run with agent=arcgentica, profile=research_extensions/config/all_on_generalized.yaml, namespace=arcgentica_skillread_all_20260416k, actions=40, timeout=900	`pytest -q tests/unit` ; `python3 scripts/run_bounded_experiment.py --agent arcgentica --game ls20 --profile research_extensions/config/all_on_generalized.yaml --namespace arcgentica_skillread_all_20260416k --actions 40 --timeout-sec 900`	elapsed=130.0s; returncode=0; timed_out=False; startup_stalled=False; summary_stale=False; zero_action_run=False; rate_limited=False; modules=['dreamcoder', 'world_model', 'meta_harness']; verify_ok=True; dc_grounded=19/19; dc_structured=10; dc_revised=6; wm_drafts=1; wm_prior=232/278; mh_runs=20	keep	report=arcgentica_skillread_all_20260416k.json
STABLE_Q	Post-smoke stable all-on build should at least preserve L0->L1 entry while reducing same-family replay pressure.	Bounded run with agent=arcgentica_research, profile=research_extensions/config/all_on.yaml, namespace=arcgentica_skillread_all_20260416q_stable, actions=20, timeout=1200	`pytest -q tests/unit` ; `python3 scripts/run_bounded_experiment.py --agent arcgentica_research --game ls20 --profile research_extensions/config/all_on.yaml --namespace arcgentica_skillread_all_20260416q_stable --actions 20 --timeout-sec 1200`	elapsed=181.0s; returncode=0; timed_out=False; startup_stalled=True; summary_stale=False; zero_action_run=False; rate_limited=False; modules=['dreamcoder', 'world_model', 'meta_harness']; verify_ok=False; dc_grounded=0/0; dc_structured=0; dc_revised=0; wm_drafts=0; wm_prior=0/0; mh_runs=0	discard	report=arcgentica_skillread_all_20260416q_stable.json
STABLE_R	After fixing false startup-stall detection, the stable all-on run should complete naturally and ideally preserve prior L0->L1 entry behavior.	Bounded run with agent=arcgentica_research, profile=research_extensions/config/all_on.yaml, namespace=arcgentica_skillread_all_20260416r_stable_watchdogfix, actions=20, timeout=1200	`pytest -q tests/unit` ; `python3 scripts/run_bounded_experiment.py --agent arcgentica_research --game ls20 --profile research_extensions/config/all_on.yaml --namespace arcgentica_skillread_all_20260416r_stable_watchdogfix --actions 20 --timeout-sec 1200`	elapsed=215.0s; returncode=0; timed_out=False; startup_stalled=False; summary_stale=False; zero_action_run=False; rate_limited=False; modules=['dreamcoder', 'world_model', 'meta_harness']; verify_ok=True; dc_grounded=1/1; dc_structured=1; dc_revised=1; wm_drafts=1; wm_prior=0/0; mh_runs=1	keep	report=arcgentica_skillread_all_20260416r_stable_watchdogfix.json
STABLE_S	Allowing action-prior generalization plus same-family attractor novelty probes should convert world-model predictions into actual routing pressure and improve L0 exploration quality.	Bounded run with agent=arcgentica_research, profile=research_extensions/config/all_on.yaml, namespace=arcgentica_skillread_all_20260416s_stable_worldprior, actions=20, timeout=1200	`pytest -q tests/unit` ; `python3 scripts/run_bounded_experiment.py --agent arcgentica_research --game ls20 --profile research_extensions/config/all_on.yaml --namespace arcgentica_skillread_all_20260416s_stable_worldprior --actions 20 --timeout-sec 1200`	elapsed=210.0s; returncode=0; timed_out=False; startup_stalled=False; summary_stale=False; zero_action_run=False; rate_limited=False; modules=['dreamcoder', 'world_model', 'meta_harness']; verify_ok=True; dc_grounded=1/1; dc_structured=1; dc_revised=1; wm_drafts=1; wm_prior=15/19; mh_runs=1	keep	report=arcgentica_skillread_all_20260416s_stable_worldprior.json
v3-smoke	v3 MCTS/Wake/Sleep smoke — verify bypass + surprise wake + sleep refactor in live TRAPI env	Bounded run with agent=arcgentica_research, profile=research_extensions/config/all_on_generalized.yaml, namespace=arcgentica_v3_smoke_20260416_2228, actions=15, timeout=800	`pytest -q tests/unit` ; `python3 scripts/run_bounded_experiment.py --agent arcgentica_research --game ls20 --profile research_extensions/config/all_on_generalized.yaml --namespace arcgentica_v3_smoke_20260416_2228 --actions 15 --timeout-sec 800`	elapsed=145.0s; returncode=0; timed_out=False; startup_stalled=False; summary_stale=False; zero_action_run=False; rate_limited=False; modules=['dreamcoder', 'world_model', 'meta_harness', 'planner']; verify_ok=True; dc_grounded=11/11; dc_structured=11; dc_revised=0; wm_drafts=1; wm_prior=12/14; mh_runs=1	keep	report=arcgentica_v3_smoke_20260416_2228.json
v3-full	v3 full bounded run — fixed unit_test_matches signature-hint semantics, gate=0.4; verify MCTS activates and skill-bypass + wake fires	Bounded run with agent=arcgentica_research, profile=research_extensions/config/all_on_generalized.yaml, namespace=arcgentica_v3_full_20260416_2239, actions=80, timeout=3600	`pytest -q tests/unit` ; `python3 scripts/run_bounded_experiment.py --agent arcgentica_research --game ls20 --profile research_extensions/config/all_on_generalized.yaml --namespace arcgentica_v3_full_20260416_2239 --actions 80 --timeout-sec 3600`	elapsed=45.0s; returncode=0; timed_out=False; startup_stalled=False; summary_stale=False; zero_action_run=False; rate_limited=False; modules=['dreamcoder', 'world_model', 'meta_harness', 'planner']; verify_ok=True; dc_grounded=30/30; dc_structured=30; dc_revised=0; wm_drafts=1; wm_prior=3/3; mh_runs=1	keep	report=arcgentica_v3_full_20260416_2239.json
v3.1-reward-tuned	v3.1: boost MCTS reward weights for new_family(3→8) and branch_escape(2→5), tighten repeat_penalty(-1→-3) to push out of opening family (v3 full: new_family=1/80, branch_escape=0)	Bounded run with agent=arcgentica_research, profile=research_extensions/config/all_on_generalized.yaml, namespace=arcgentica_v3_1_20260416_2251, actions=80, timeout=3600	`pytest -q tests/unit` ; `python3 scripts/run_bounded_experiment.py --agent arcgentica_research --game ls20 --profile research_extensions/config/all_on_generalized.yaml --namespace arcgentica_v3_1_20260416_2251 --actions 80 --timeout-sec 3600`	elapsed=60.0s; returncode=0; timed_out=False; startup_stalled=False; summary_stale=False; zero_action_run=False; rate_limited=False; modules=['dreamcoder', 'world_model', 'meta_harness', 'planner']; verify_ok=True; dc_grounded=12/12; dc_structured=12; dc_revised=0; wm_drafts=1; wm_prior=2/2; mh_runs=1	keep	report=arcgentica_v3_1_20260416_2251.json
v3.2-consolidate	v3.2: DC.consolidate_experience (observed-law skills) + wake prompt per-action stats + balanced memory selection. Goal: stop draft oscillation and push new_family_count > 1	Bounded run with agent=arcgentica_research, profile=research_extensions/config/all_on_generalized.yaml, namespace=arcgentica_v3_2_consolidate_20260416_2301, actions=80, timeout=3600	`pytest -q tests/unit` ; `python3 scripts/run_bounded_experiment.py --agent arcgentica_research --game ls20 --profile research_extensions/config/all_on_generalized.yaml --namespace arcgentica_v3_2_consolidate_20260416_2301 --actions 80 --timeout-sec 3600`	elapsed=50.0s; returncode=0; timed_out=False; startup_stalled=False; summary_stale=False; zero_action_run=False; rate_limited=False; modules=['dreamcoder', 'world_model', 'meta_harness', 'planner']; verify_ok=True; dc_grounded=24/24; dc_structured=24; dc_revised=0; wm_drafts=1; wm_prior=2/3; mh_runs=1	keep	report=arcgentica_v3_2_consolidate_20260416_2301.json
v3.3-laws-fixed	v3.3: fix _consolidate_and_prune removing observed_law records + memory filter substring match + recording action_input populated. Expect observed-law skills persist in library + agent sees them in overlay	Bounded run with agent=arcgentica_research, profile=research_extensions/config/all_on_generalized.yaml, namespace=arcgentica_v3_3_laws_fixed_20260416_2317, actions=80, timeout=3600	`pytest -q tests/unit` ; `python3 scripts/run_bounded_experiment.py --agent arcgentica_research --game ls20 --profile research_extensions/config/all_on_generalized.yaml --namespace arcgentica_v3_3_laws_fixed_20260416_2317 --actions 80 --timeout-sec 3600`	elapsed=40.0s; returncode=0; timed_out=False; startup_stalled=False; summary_stale=False; zero_action_run=False; rate_limited=False; modules=['dreamcoder', 'world_model', 'meta_harness', 'planner']; verify_ok=True; dc_grounded=15/15; dc_structured=15; dc_revised=3; wm_drafts=1; wm_prior=2/2; mh_runs=1	keep	report=arcgentica_v3_3_laws_fixed_20260416_2317.json
v3.4-explore-novelty	v3.4: (a) exploration-first gate (MCTS off until 15 transitions + 3 families), (b) unseen-signature bonus in MCTS reward (+2.0 for paths with 'new'/'unseen' in hint), (c) explicit prompt mention, (d) recording fix (ActionInput). Expect new_family>1, draft with data-grounded hypotheses	Bounded run with agent=arcgentica_research, profile=research_extensions/config/all_on_generalized.yaml, namespace=arcgentica_v3_4_explore_novelty_20260416_2324, actions=80, timeout=3600	`pytest -q tests/unit` ; `python3 scripts/run_bounded_experiment.py --agent arcgentica_research --game ls20 --profile research_extensions/config/all_on_generalized.yaml --namespace arcgentica_v3_4_explore_novelty_20260416_2324 --actions 80 --timeout-sec 3600`	elapsed=10.0s; returncode=0; timed_out=False; startup_stalled=False; summary_stale=False; zero_action_run=False; rate_limited=False; modules=['dreamcoder', 'world_model', 'meta_harness', 'planner']; verify_ok=False; dc_grounded=11/11; dc_structured=11; dc_revised=1; wm_drafts=1; wm_prior=0/0; mh_runs=1	discard	report=arcgentica_v3_4_explore_novelty_20260416_2324.json
v3.6-symbolica-prompt	v3.6: Symbolica-style user_msg (game+level+legend+last-action), system prompt augmented with hypothesis-formation + 'look at grid' + no-retry guidance. Expect less directional drift in drafts	Bounded run with agent=arcgentica_research, profile=research_extensions/config/all_on_generalized.yaml, namespace=arcgentica_v3_6_sym_prompt_20260416_2338, actions=80, timeout=3600	`pytest -q tests/unit` ; `python3 scripts/run_bounded_experiment.py --agent arcgentica_research --game ls20 --profile research_extensions/config/all_on_generalized.yaml --namespace arcgentica_v3_6_sym_prompt_20260416_2338 --actions 80 --timeout-sec 3600`	elapsed=1000.1s; returncode=0; timed_out=False; startup_stalled=False; summary_stale=False; zero_action_run=False; rate_limited=False; modules=['dreamcoder', 'world_model', 'meta_harness', 'planner']; verify_ok=True; dc_grounded=20/20; dc_structured=20; dc_revised=7; wm_drafts=1; wm_prior=31/79; mh_runs=1	keep	report=arcgentica_v3_6_sym_prompt_20260416_2338.json
v3.7-autoresearch	v3.7 autoresearch: (a) exploration_min_families 3→2 to let MCTS kick in, (b) action budget 80→160, (c) [Observed Laws] section in prompt with actionable implications. Expect MCTS advantage>0 in planner_state, new_family_count>1, and shift in draft toward state-dependent triggers	Bounded run with agent=arcgentica_research, profile=research_extensions/config/all_on_generalized.yaml, namespace=arcgentica_v3_7_autoresearch_20260417_0024, actions=160, timeout=5400	`pytest -q tests/unit` ; `python3 scripts/run_bounded_experiment.py --agent arcgentica_research --game ls20 --profile research_extensions/config/all_on_generalized.yaml --namespace arcgentica_v3_7_autoresearch_20260417_0024 --actions 160 --timeout-sec 5400`	elapsed=1035.1s; returncode=0; timed_out=False; startup_stalled=False; summary_stale=False; zero_action_run=False; rate_limited=False; modules=['dreamcoder', 'world_model', 'meta_harness', 'planner']; verify_ok=False; dc_grounded=0/0; dc_structured=0; dc_revised=0; wm_drafts=0; wm_prior=0/0; mh_runs=0	discard	report=arcgentica_v3_7_autoresearch_20260417_0024.json
v3.7.1-defensive	v3.7.1 (re-run): same as v3.7 + defensive try/except around _to_rich_frame and on_run_end so level-transition edge case (empty frame.frame list) does not abort persistence	Bounded run with agent=arcgentica_research, profile=research_extensions/config/all_on_generalized.yaml, namespace=arcgentica_v3_7_1_defensive_20260417_0057, actions=160, timeout=5400	`pytest -q tests/unit` ; `python3 scripts/run_bounded_experiment.py --agent arcgentica_research --game ls20 --profile research_extensions/config/all_on_generalized.yaml --namespace arcgentica_v3_7_1_defensive_20260417_0057 --actions 160 --timeout-sec 5400`	elapsed=1015.1s; returncode=0; timed_out=False; startup_stalled=False; summary_stale=False; zero_action_run=False; rate_limited=False; modules=['dreamcoder', 'world_model', 'meta_harness', 'planner']; verify_ok=False; dc_grounded=0/0; dc_structured=0; dc_revised=0; wm_drafts=0; wm_prior=0/0; mh_runs=0	discard	report=arcgentica_v3_7_1_defensive_20260417_0057.json
v3.8-sym-render	v3.8: Symbolica-unified Frame.render in both _frame_to_text and world_model._make_simulator_observation (was custom encode_row). Tool signatures now match Symbolica (keys/gap/margin). Expect LLM to finally form shape-based hypotheses (player color, maze topology) instead of abstract state-machine language	Bounded run with agent=arcgentica_research, profile=research_extensions/config/all_on_generalized.yaml, namespace=arcgentica_v3_8_sym_render_20260417_0147, actions=160, timeout=5400	`pytest -q tests/unit` ; `python3 scripts/run_bounded_experiment.py --agent arcgentica_research --game ls20 --profile research_extensions/config/all_on_generalized.yaml --namespace arcgentica_v3_8_sym_render_20260417_0147 --actions 160 --timeout-sec 5400`	elapsed=1470.1s; returncode=0; timed_out=False; startup_stalled=False; summary_stale=False; zero_action_run=False; rate_limited=False; modules=['dreamcoder', 'world_model', 'meta_harness', 'planner']; verify_ok=True; dc_grounded=22/22; dc_structured=22; dc_revised=8; wm_drafts=1; wm_prior=68/158; mh_runs=1	keep	report=arcgentica_v3_8_sym_render_20260417_0147.json
v3.11-strict-penalty	v3.11: (a) delta scoring 50%→80% precision + 50% recall, (b) explicit mismatch penalty -2.0/event (doubled), (c) silence penalty for no-prediction turns, (d) immediate ✅/❌ feedback in agent_env_notes with concrete diff. Agent must now make real pixel-level predictions or score drops	Bounded run with agent=arcgentica_research, profile=research_extensions/config/all_on_generalized.yaml, namespace=arcgentica_v3_11_strict_penalty_20260417_0234, actions=160, timeout=5400	`pytest -q tests/unit` ; `python3 scripts/run_bounded_experiment.py --agent arcgentica_research --game ls20 --profile research_extensions/config/all_on_generalized.yaml --namespace arcgentica_v3_11_strict_penalty_20260417_0234 --actions 160 --timeout-sec 5400`	elapsed=1320.2s; returncode=0; timed_out=False; startup_stalled=False; summary_stale=False; zero_action_run=False; rate_limited=False; modules=['dreamcoder', 'world_model', 'meta_harness', 'planner']; verify_ok=True; dc_grounded=27/27; dc_structured=27; dc_revised=11; wm_drafts=1; wm_prior=75/157; mh_runs=1	keep	report=arcgentica_v3_11_strict_penalty_20260417_0234.json
v3.14-wake-fix	v3.14: (a) bridge.record_observation now queues wake trigger for EVERY surprise (v3.11: 0/97 wake; now 97/97), (b) DC.sleep_refactor includes agent-proposed free skills (not only mcts_proposal), (c) per_action_delta_hints still active. Expect wake prompts visible in env_notes, draft edits tied to specific transitions	Bounded run with agent=arcgentica_research, profile=research_extensions/config/all_on_generalized.yaml, namespace=arcgentica_v3_14_wake_fix_20260417_0356, actions=160, timeout=5400	`pytest -q tests/unit` ; `python3 scripts/run_bounded_experiment.py --agent arcgentica_research --game ls20 --profile research_extensions/config/all_on_generalized.yaml --namespace arcgentica_v3_14_wake_fix_20260417_0356 --actions 160 --timeout-sec 5400`	elapsed=1290.1s; returncode=0; timed_out=False; startup_stalled=False; summary_stale=False; zero_action_run=False; rate_limited=False; modules=['dreamcoder', 'world_model', 'meta_harness', 'planner']; verify_ok=True; dc_grounded=17/17; dc_structured=17; dc_revised=6; wm_drafts=1; wm_prior=66/159; mh_runs=1	keep	report=arcgentica_v3_14_wake_fix_20260417_0356.json
v3.15.1-identity-guard+builtins	v3.15.1: (a) IDENTITY GUARD, (b) [Wake] memory, (c) expanded builtins dict (str/int/enumerate/isinstance etc). v3.14 draft actually tried str() but exec() had minimal builtins — probably caused silent 0/64 on ANY draft using str()	Bounded run with agent=arcgentica_research, profile=research_extensions/config/all_on_generalized.yaml, namespace=arcgentica_v3_15_1_builtins_20260417_0430, actions=160, timeout=5400	`pytest -q tests/unit` ; `python3 scripts/run_bounded_experiment.py --agent arcgentica_research --game ls20 --profile research_extensions/config/all_on_generalized.yaml --namespace arcgentica_v3_15_1_builtins_20260417_0430 --actions 160 --timeout-sec 5400`	elapsed=1885.2s; returncode=0; timed_out=False; startup_stalled=False; summary_stale=False; zero_action_run=False; rate_limited=False; modules=['dreamcoder', 'world_model', 'meta_harness', 'planner']; verify_ok=True; dc_grounded=21/21; dc_structured=21; dc_revised=10; wm_drafts=1; wm_prior=71/159; mh_runs=1	keep	report=arcgentica_v3_15_1_builtins_20260417_0430.json
